Workbook

Sheet Data_Collection Sheet
B2: Data Collection Sheet for Lab Exercise 1
C4: For the Yes/No experiment, put a 1 for a YES and a 0 for a No
C5: For the 2I-2AFC experiment, for a 1 for interval 1 and a 2 for interval 2
B7: Trial | C7: Yes/No | D7: 2I-2AFC | F7: YES/No | G7: 2I-2AFC | H7: Yes/No Correct? | I7: 2AFC Correct or Incorrect?
B8: 1 | C8: 1 | D8: 1 | F8: =IF(C8='Answer Key'!B5,1,0) -> 1 | G8: =IF(D8='Answer Key'!C5,1,0) -> 1 | H8: =IF(C8="","",IF(C8='Answer Key'!B5,"Correct","Incorrect")) -> Correct | I8: =IF(D8="","",IF(D8='Answer Key'!C5,"Correct","Incorrect")) -> Correct
B9: 2 | C9: 1 | D9: 2 | F9: =IF(C9='Answer Key'!B6,1,0) -> 1 | G9: =IF(D9='Answer Key'!C6,1,0) -> 1 | H9: =IF(C9="","",IF(C9='Answer Key'!B6,"Correct","Incorrect")) -> Correct | I9: =IF(D9="","",IF(D9='Answer Key'!C6,"Correct","Incorrect")) -> Correct
B10: 3 | C10: 0 | D10: 2 | F10: =IF(C10='Answer Key'!B7,1,0) -> 1 | G10: =IF(D10='Answer Key'!C7,1,0) -> 1 | H10: =IF(C10="","",IF(C10='Answer Key'!B7,"Correct","Incorrect")) -> Correct | I10: =IF(D10="","",IF(D10='Answer Key'!C7,"Correct","Incorrect")) -> Correct
B11: 4 | C11: 1 | D11: 1 | F11: =IF(C11='Answer Key'!B8,1,0) -> 1 | G11: =IF(D11='Answer Key'!C8,1,0) -> 1 | H11: =IF(C11="","",IF(C11='Answer Key'!B8,"Correct","Incorrect")) -> Correct | I11: =IF(D11="","",IF(D11='Answer Key'!C8,"Correct","Incorrect")) -> Correct
B12: 5 | C12: 0 | D12: 1 | F12: =IF(C12='Answer Key'!B9,1,0) -> 1 | G12: =IF(D12='Answer Key'!C9,1,0) -> 1 | H12: =IF(C12="","",IF(C12='Answer Key'!B9,"Correct","Incorrect")) -> Correct | I12: =IF(D12="","",IF(D12='Answer Key'!C9,"Correct","Incorrect")) -> Correct
B13: 6 | C13: 0 | D13: 1 | F13: =IF(C13='Answer Key'!B10,1,0) -> 1 | G13: =IF(D13='Answer Key'!C10,1,0) -> 1 | H13: =IF(C13="","",IF(C13='Answer Key'!B10,"Correct","Incorrect")) -> Correct | I13: =IF(D13="","",IF(D13='Answer Key'!C10,"Correct","Incorrect")) -> Correct
B14: 7 | C14: 1 | D14: 2 | F14: =IF(C14='Answer Key'!B11,1,0) -> 1 | G14: =IF(D14='Answer Key'!C11,1,0) -> 1 | H14: =IF(C14="","",IF(C14='Answer Key'!B11,"Correct","Incorrect")) -> Correct | I14: =IF(D14="","",IF(D14='Answer Key'!C11,"Correct","Incorrect")) -> Correct
B15: 8 | C15: 1 | D15: 1 | F15: =IF(C15='Answer Key'!B12,1,0) -> 1 | G15: =IF(D15='Answer Key'!C12,1,0) -> 1 | H15: =IF(C15="","",IF(C15='Answer Key'!B12,"Correct","Incorrect")) -> Correct | I15: =IF(D15="","",IF(D15='Answer Key'!C12,"Correct","Incorrect")) -> Correct
B16: 9 | C16: 0 | D16: 2 | F16: =IF(C16='Answer Key'!B13,1,0) -> 1 | G16: =IF(D16='Answer Key'!C13,1,0) -> 1 | H16: =IF(C16="","",IF(C16='Answer Key'!B13,"Correct","Incorrect")) -> Correct | I16: =IF(D16="","",IF(D16='Answer Key'!C13,"Correct","Incorrect")) -> Correct
B17: 10 | C17: 1 | D17: 1 | F17: =IF(C17='Answer Key'!B14,1,0) -> 1 | G17: =IF(D17='Answer Key'!C14,1,0) -> 1 | H17: =IF(C17="","",IF(C17='Answer Key'!B14,"Correct","Incorrect")) -> Correct | I17: =IF(D17="","",IF(D17='Answer Key'!C14,"Correct","Incorrect")) -> Correct
B18: 11 | C18: 0 | D18: 2 | F18: =IF(C18='Answer Key'!B15,1,0) -> 1 | G18: =IF(D18='Answer Key'!C15,1,0) -> 1 | H18: =IF(C18="","",IF(C18='Answer Key'!B15,"Correct","Incorrect")) -> Correct | I18: =IF(D18="","",IF(D18='Answer Key'!C15,"Correct","Incorrect")) -> Correct
B19: 12 | C19: 1 | D19: 2 | F19: =IF(C19='Answer Key'!B16,1,0) -> 1 | G19: =IF(D19='Answer Key'!C16,1,0) -> 1 | H19: =IF(C19="","",IF(C19='Answer Key'!B16,"Correct","Incorrect")) -> Correct | I19: =IF(D19="","",IF(D19='Answer Key'!C16,"Correct","Incorrect")) -> Correct
... B37: 30 | C37: 0 | D37: 1 | F37: =IF(C37='Answer Key'!B34,1,0) -> 1 | G37: =IF(D37='Answer Key'!C34,1,0) -> 1 | H37: =IF(C37="","",IF(C37='Answer Key'!B34,"Correct","Incorrect")) -> Correct | I37: =IF(D37="","",IF(D37='Answer Key'!C34,"Correct","Incorrect")) -> Correct
B39: Percent Correct | C39: =100*AVERAGE(F8:F37) -> 100 | D39: =100*AVERAGE(G8:G37) -> 100 | H39: =28/30*100 -> 93.333333
B40: Hits | C40: ='Answer Key'!E36 -> 100
B41: Misses | C41: ='Answer Key'!F36 -> 0
B42: False Alarms | C42: ='Answer Key'!G36 -> 0
B43: Correct Rejections | C43: ='Answer Key'!H36 -> 100

Sheet Answer Key
A2: Answers for Lab Exercise 1
A4: Index | B4: Y-N Correct Ans | C4: 2AFC correct ans | E4: Hits | F4: Misses | G4: False Alarms | H4: Correct Rejections
A5: 1 | B5: 1 | C5: 1 | E5: =IF(AND(B5=1,'Data_Collection Sheet'!C8=1),1,0) -> 1 | F5: =IF(AND(B5=1,'Data_Collection Sheet'!C8=0),1,0) -> 0 | G5: =IF(AND(B5=0,'Data_Collection Sheet'!C8=1),1,0) -> 0 | H5: =IF(AND(B5=0,'Data_Collection Sheet'!C8=0),1,0) -> 0
A6: 2 | B6: 1 | C6: 2 | E6: =IF(AND(B6=1,'Data_Collection Sheet'!C9=1),1,0) -> 1 | F6: =IF(AND(B6=1,'Data_Collection Sheet'!C9=0),1,0) -> 0 | G6: =IF(AND(B6=0,'Data_Collection Sheet'!C9=1),1,0) -> 0 | H6: =IF(AND(B6=0,'Data_Collection Sheet'!C9=0),1,0) -> 0
A7: 3 | B7: 0 | C7: 2 | E7: =IF(AND(B7=1,'Data_Collection Sheet'!C10=1),1,0) -> 0 | F7: =IF(AND(B7=1,'Data_Collection Sheet'!C10=0),1,0) -> 0 | G7: =IF(AND(B7=0,'Data_Collection Sheet'!C10=1),1,0) -> 0 | H7: =IF(AND(B7=0,'Data_Collection Sheet'!C10=0),1,0) -> 1
A8: 4 | B8: 1 | C8: 1 | E8: =IF(AND(B8=1,'Data_Collection Sheet'!C11=1),1,0) -> 1 | F8: =IF(AND(B8=1,'Data_Collection Sheet'!C11=0),1,0) -> 0 | G8: =IF(AND(B8=0,'Data_Collection Sheet'!C11=1),1,0) -> 0 | H8: =IF(AND(B8=0,'Data_Collection Sheet'!C11=0),1,0) -> 0
A9: 5 | B9: 0 | C9: 1 | E9: =IF(AND(B9=1,'Data_Collection Sheet'!C12=1),1,0) -> 0 | F9: =IF(AND(B9=1,'Data_Collection Sheet'!C12=0),1,0) -> 0 | G9: =IF(AND(B9=0,'Data_Collection Sheet'!C12=1),1,0) -> 0 | H9: =IF(AND(B9=0,'Data_Collection Sheet'!C12=0),1,0) -> 1
A10: 6 | B10: 0 | C10: 1 | E10: =IF(AND(B10=1,'Data_Collection Sheet'!C13=1),1,0) -> 0 | F10: =IF(AND(B10=1,'Data_Collection Sheet'!C13=0),1,0) -> 0 | G10: =IF(AND(B10=0,'Data_Collection Sheet'!C13=1),1,0) -> 0 | H10: =IF(AND(B10=0,'Data_Collection Sheet'!C13=0),1,0) -> 1
A11: 7 | B11: 1 | C11: 2 | E11: =IF(AND(B11=1,'Data_Collection Sheet'!C14=1),1,0) -> 1 | F11: =IF(AND(B11=1,'Data_Collection Sheet'!C14=0),1,0) -> 0 | G11: =IF(AND(B11=0,'Data_Collection Sheet'!C14=1),1,0) -> 0 | H11: =IF(AND(B11=0,'Data_Collection Sheet'!C14=0),1,0) -> 0
A12: 8 | B12: 1 | C12: 1 | E12: =IF(AND(B12=1,'Data_Collection Sheet'!C15=1),1,0) -> 1 | F12: =IF(AND(B12=1,'Data_Collection Sheet'!C15=0),1,0) -> 0 | G12: =IF(AND(B12=0,'Data_Collection Sheet'!C15=1),1,0) -> 0 | H12: =IF(AND(B12=0,'Data_Collection Sheet'!C15=0),1,0) -> 0
A13: 9 | B13: 0 | C13: 2 | E13: =IF(AND(B13=1,'Data_Collection Sheet'!C16=1),1,0) -> 0 | F13: =IF(AND(B13=1,'Data_Collection Sheet'!C16=0),1,0) -> 0 | G13: =IF(AND(B13=0,'Data_Collection Sheet'!C16=1),1,0) -> 0 | H13: =IF(AND(B13=0,'Data_Collection Sheet'!C16=0),1,0) -> 1
A14: 10 | B14: 1 | C14: 1 | E14: =IF(AND(B14=1,'Data_Collection Sheet'!C17=1),1,0) -> 1 | F14: =IF(AND(B14=1,'Data_Collection Sheet'!C17=0),1,0) -> 0 | G14: =IF(AND(B14=0,'Data_Collection Sheet'!C17=1),1,0) -> 0 | H14: =IF(AND(B14=0,'Data_Collection Sheet'!C17=0),1,0) -> 0
A15: 11 | B15: 0 | C15: 2 | E15: =IF(AND(B15=1,'Data_Collection Sheet'!C18=1),1,0) -> 0 | F15: =IF(AND(B15=1,'Data_Collection Sheet'!C18=0),1,0) -> 0 | G15: =IF(AND(B15=0,'Data_Collection Sheet'!C18=1),1,0) -> 0 | H15: =IF(AND(B15=0,'Data_Collection Sheet'!C18=0),1,0) -> 1
A16: 12 | B16: 1 | C16: 2 | E16: =IF(AND(B16=1,'Data_Collection Sheet'!C19=1),1,0) -> 1 | F16: =IF(AND(B16=1,'Data_Collection Sheet'!C19=0),1,0) -> 0 | G16: =IF(AND(B16=0,'Data_Collection Sheet'!C19=1),1,0) -> 0 | H16: =IF(AND(B16=0,'Data_Collection Sheet'!C19=0),1,0) -> 0
... A34: 30 | B34: 0 | C34: 1 | E34: =IF(AND(B34=1,'Data_Collection Sheet'!C37=1),1,0) -> 0 | F34: =IF(AND(B34=1,'Data_Collection Sheet'!C37=0),1,0) -> 0 | G34: =IF(AND(B34=0,'Data_Collection Sheet'!C37=1),1,0) -> 0 | H34: =IF(AND(B34=0,'Data_Collection Sheet'!C37=0),1,0) -> 1
A36: Sum | B36: =SUM(B5:B34) -> 15 | E36: =200*AVERAGE(E5:E34) -> 100 | F36: =200*AVERAGE(F5:F34) -> 0 | G36: =200*AVERAGE(G5:G34) -> 0 | H36: =200*AVERAGE(H5:H34) -> 100
